[
  {
    "id": 1745848434812,
    "nome": "tarefa 10",
    "descricao": "llll",
    "data_entrega": "2025-04-28",
    "responsavel": "Jorge",
    "status": "completa"
  },
  {
    "id": 1745956465434,
    "nome": "aaa",
    "descricao": "aaaaaaaaa",
    "data_entrega": "2025-04-29",
    "responsavel": "Ariane",
    "status": "completa"
  },
  {
    "id": 1745957041362,
    "nome": "OI",
    "descricao": "OIIII",
    "data_entrega": "2025-04-24",
    "responsavel": "Joaquim",
    "status": "completa"
  }
]